{
  "integrations": [
    {
      "id": "c29d8c28-3782-45fc-8682-61662da6fb3b",
      "name": "Inbound from Chef Recipe",
      "action": "CREATE_EVENT",
      "type": "INBOUND_WEBHOOK",
      "deployed": true,
      "form": "8e70d849-5d62-4ca5-9831-d0058e4c837b",
      "script": "var data;\n\n// The ruby script in Chef passes the payload as json, so we parse it for easy reference.\ndata = JSON.parse(request.body);\nconsole.log('Body from Chef' + JSON.stringify(data));\n\n\n// Parse data from incoming payload and construct the trigger object\ntrigger.properties.host = data.host;\ntrigger.properties.ip = data.ip;\ntrigger.properties.status = data.status\ntrigger.properties.cookbook = data.cookbook;\n\n\n// Define recipients\nvar recipients = [];\n// Add a recipient targeting a user or group\nrecipients.push({\n    'targetName': 'chef'\n});\n\ntrigger.recipients = recipients;\n\n// Post trigger to form\nform.post(trigger);",
      "environment": "HOSTED"
    }
  ],
  "endpoints": [],
  "constants": []
}