{
  "integrations": [
    {
      "id": "abd9a7bf-f85f-4b83-9529-8e2d4d0a2eba",
      "name": "Inbound from Chef Recipe",
      "action": "CREATE_EVENT",
      "type": "INBOUND_WEBHOOK",
      "deployed": true,
      "form": "888fe49d-fbe7-404a-922a-3410d5acb9dd",
      "script": "/*\n * To use functions that are defined in a shared library, import\n * the shared library using the require function. You can then\n * access the functions in the shared library. Shared library names\n * are case-sensitive.\n *\n * The following statements show how to use a function named 'myFunction'\n * that is included in a shared library named 'My Shared Library'.\n *\n * var mySharedLibrary = require('My Shared Library');\n * var message = mySharedLibrary.myFunction();\n */\n\nvar data;\n\n// If your data is posted as JSON\ndata = JSON.parse(request.body);\nconsole.log('Body from Chef' + JSON.stringify(data));\n\n\n// Parse data from incoming payload and construct the trigger object\ntrigger.properties.host = data.host;\ntrigger.properties.ip = data.ip;\ntrigger.properties.status = data.status\ntrigger.properties.cookbook = data.cookbook;\n\n\n// Define recipients\nvar recipients = [];\n// Add a recipient targeting a user or group\nrecipients.push({\n    'targetName': 'chef'\n});\n\ntrigger.recipients = recipients;\n\n// Post trigger to form\nform.post(trigger);",
      "environment": "HOSTED"
    }
  ],
  "endpoints": [],
  "constants": []
}